Link,Loại hàng,Tên sản phẩm,giá
https://www.sosanhgia.com/p186133-laptop-hp-pavilion-15-cs3060tx-8rj61pa.html ,Máy tính,Laptop HP Pavilion 15-CS3060TX 8RJ61PA,9.999.000
https://www.sosanhgia.com/p2884-macbook-air-md711-116inch.html ,Máy tính,Macbook AIR MD711 11.6inch,9.900.000
https://www.sosanhgia.com/p5498-macbook-pro-mf839-2015.html ,Máy tính,Macbook Pro MF839 2015,23.978.740
https://www.sosanhgia.com/p37449-macbook-pro-md102-133inch.html ,Máy tính,Macbook pro MD102 13.3inch,20.886.797
https://www.sosanhgia.com/p37455-macbook-pro-me662-133inch.html ,Máy tính,Macbook pro ME662 13.3inch,19.574.044
https://www.sosanhgia.com/p172031-combo-hoa-nguc-thien-than-va-ac-quy.html ,Sách,Combo Hỏa Ngục + Thiên Thần Và Ác Quỷ,286.001
https://www.sosanhgia.com/p204015-combo-nguon-coi-thien-than-va-ac-quy.html ,Sách,Combo Nguồn Cội + Thiên Thần Và Ác Quỷ,321.501
https://www.sosanhgia.com/p40045-may-photocopy-fuji-xerox-s2520-cps.html ,Thiết bị VP,Máy photocopy Fuji Xerox S2520 CPS,26.950.000
https://www.sosanhgia.com/p110510-gom-stabilo-legend-er198.html ,Thiết bị VP,Gôm STABILO Legend ER198,36.000
https://www.sosanhgia.com/p108513-kim-bam-ghim-asaki-ak-7105.html ,Thiết bị VP,Kìm bấm ghim Asaki AK-7105,80.000
